#,Name,Type,Category,PP,Power,Accuracy,Gen,Priority,Contact
1,Pound,Normal,Physical,35,40,100%,I,0,true
2,Karate Chop,Fighting,Physical,25,50,100%,I,0,true
3,Double Slap,Normal,Physical,10,15,85%,I,0,true
4,Comet Punch,Normal,Physical,15,18,85%,I,0,true
5,Mega Punch,Normal,Physical,20,80,85%,I,0,true
6,Pay Day,Normal,Physical,20,40,100%,I,0,false
7,Fire Punch,Fire,Physical,15,75,100%,I,0,true
8,Ice Punch,Ice,Physical,15,75,100%,I,0,true
9,Thunder Punch,Electric,Physical,15,75,100%,I,0,true
10,Scratch,Normal,Physical,35,40,100%,I,0,true
11,Vise Grip,Normal,Physical,30,55,100%,I,0,true
12,Guillotine,Normal,Physical,5,—,30%,I,0,true
13,Razor Wind,Normal,Special,10,80,100%,I,0,false
14,Swords Dance,Normal,Status,20,—,—%,I,0,false
15,Cut,Normal,Physical,30,50,95%,I,0,true
16,Gust,Flying,Special,35,40,100%,I,0,false
17,Wing Attack,Flying,Physical,35,60,100%,I,0,true
18,Whirlwind,Normal,Status,20,—,—%,I,-6,false
19,Fly,Flying,Physical,15,90,95%,I,0,true
20,Bind,Normal,Physical,20,15,85%,I,0,true
21,Slam,Normal,Physical,20,80,75%,I,0,true
22,Vine Whip,Grass,Physical,25,45,100%,I,0,true
23,Stomp,Normal,Physical,20,65,100%,I,0,true
24,Double Kick,Fighting,Physical,30,30,100%,I,0,true
25,Mega Kick,Normal,Physical,5,120,75%,I,0,true
26,Jump Kick,Fighting,Physical,10,100,95%,I,0,true
27,Rolling Kick,Fighting,Physical,15,60,85%,I,0,true
28,Sand Attack,Ground,Status,15,—,100%,I,0,false
29,Headbutt,Normal,Physical,15,70,100%,I,0,true
30,Horn Attack,Normal,Physical,25,65,100%,I,0,true
31,Fury Attack,Normal,Physical,20,15,85%,I,0,true
32,Horn Drill,Normal,Physical,5,—,30%,I,0,true
33,Tackle,Normal,Physical,35,40,100%,I,0,true
34,Body Slam,Normal,Physical,15,85,100%,I,0,true
35,Wrap,Normal,Physical,20,15,90%,I,0,true
36,Take Down,Normal,Physical,20,90,85%,I,0,true
37,Thrash,Normal,Physical,10,120,100%,I,0,true
38,Double-Edge,Normal,Physical,15,120,100%,I,0,true
39,Tail Whip,Normal,Status,30,—,100%,I,0,false
40,Poison Sting,Poison,Physical,35,15,100%,I,0,false
41,Twineedle,Bug,Physical,20,25,100%,I,0,false
42,Pin Missile,Bug,Physical,20,25,95%,I,0,false
43,Leer,Normal,Status,30,—,100%,I,0,false
44,Bite,Dark,Physical,25,60,100%,I,0,true
45,Growl,Normal,Status,40,—,100%,I,0,false
46,Roar,Normal,Status,20,—,—%,I,-6,false
47,Sing,Normal,Status,15,—,55%,I,0,false
48,Supersonic,Normal,Status,20,—,55%,I,0,false
49,Sonic Boom,Normal,Special,20,—,90%,I,0,false
50,Disable,Normal,Status,20,—,100%,I,0,false
51,Acid,Poison,Special,30,40,100%,I,0,false
52,Ember,Fire,Special,25,40,100%,I,0,false
53,Flamethrower,Fire,Special,15,90,100%,I,0,false
54,Mist,Ice,Status,30,—,—%,I,0,false
55,Water Gun,Water,Special,25,40,100%,I,0,false
56,Hydro Pump,Water,Special,5,110,80%,I,0,false
57,Surf,Water,Special,15,90,100%,I,0,false
58,Ice Beam,Ice,Special,10,90,100%,I,0,false
59,Blizzard,Ice,Special,5,110,70%,I,0,false
60,Psybeam,Psychic,Special,20,65,100%,I,0,false
61,Bubble Beam,Water,Special,20,65,100%,I,0,false
62,Aurora Beam,Ice,Special,20,65,100%,I,0,false
63,Hyper Beam,Normal,Special,5,150,90%,I,0,false
64,Peck,Flying,Physical,35,35,100%,I,0,true
65,Drill Peck,Flying,Physical,20,80,100%,I,0,true
66,Submission,Fighting,Physical,20,80,80%,I,0,true
67,Low Kick,Fighting,Physical,20,—,100%,I,0,true
68,Counter,Fighting,Physical,20,—,100%,I,-5,true
69,Seismic Toss,Fighting,Physical,20,—,100%,I,0,true
70,Strength,Normal,Physical,15,80,100%,I,0,true
71,Absorb,Grass,Special,25,20,100%,I,0,false
72,Mega Drain,Grass,Special,15,40,100%,I,0,false
73,Leech Seed,Grass,Status,10,—,90%,I,0,false
74,Growth,Normal,Status,20,—,—%,I,0,false
75,Razor Leaf,Grass,Physical,25,55,95%,I,0,false
76,Solar Beam,Grass,Special,10,120,100%,I,0,false
77,Poison Powder,Poison,Status,35,—,75%,I,0,false
78,Stun Spore,Grass,Status,30,—,75%,I,0,false
79,Sleep Powder,Grass,Status,15,—,75%,I,0,false
80,Petal Dance,Grass,Special,10,120,100%,I,0,true
81,String Shot,Bug,Status,40,—,95%,I,0,false
82,Dragon Rage,Dragon,Special,10,—,100%,I,0,false
83,Fire Spin,Fire,Special,15,35,85%,I,0,false
84,Thunder Shock,Electric,Special,30,40,100%,I,0,false
85,Thunderbolt,Electric,Special,15,90,100%,I,0,false
86,Thunder Wave,Electric,Status,20,—,90%,I,0,false
87,Thunder,Electric,Special,10,110,70%,I,0,false
88,Rock Throw,Rock,Physical,15,50,90%,I,0,false
89,Earthquake,Ground,Physical,10,100,100%,I,0,false
90,Fissure,Ground,Physical,5,—,30%,I,0,false
91,Dig,Ground,Physical,10,80,100%,I,0,true
92,Toxic,Poison,Status,10,—,90%,I,0,false
93,Confusion,Psychic,Special,25,50,100%,I,0,false
94,Psychic,Psychic,Special,10,90,100%,I,0,false
95,Hypnosis,Psychic,Status,20,—,60%,I,0,false
96,Meditate,Psychic,Status,40,—,—%,I,0,false
97,Agility,Psychic,Status,30,—,—%,I,0,false
98,Quick Attack,Normal,Physical,30,40,100%,I,1,true
99,Rage,Normal,Physical,20,20,100%,I,0,true
100,Teleport,Psychic,Status,20,—,—%,I,0,false
101,Night Shade,Ghost,Special,15,—,100%,I,0,false
102,Mimic,Normal,Status,10,—,—%,I,0,false
103,Screech,Normal,Status,40,—,85%,I,0,false
104,Double Team,Normal,Status,15,—,—%,I,0,false
105,Recover,Normal,Status,5,—,—%,I,0,false
106,Harden,Normal,Status,30,—,—%,I,0,false
107,Minimize,Normal,Status,10,—,—%,I,0,false
108,Smokescreen,Normal,Status,20,—,100%,I,0,false
109,Confuse Ray,Ghost,Status,10,—,100%,I,0,false
110,Withdraw,Water,Status,40,—,—%,I,0,false
111,Defense Curl,Normal,Status,40,—,—%,I,0,false
112,Barrier,Psychic,Status,20,—,—%,I,0,false
113,Light Screen,Psychic,Status,30,—,—%,I,0,false
114,Haze,Ice,Status,30,—,—%,I,0,false
115,Reflect,Psychic,Status,20,—,—%,I,0,false
116,Focus Energy,Normal,Status,30,—,—%,I,0,false
117,Bide,Normal,Physical,10,—,—%,I,1,true
118,Metronome,Normal,Status,10,—,—%,I,0,false
119,Mirror Move,Flying,Status,20,—,—%,I,0,false
120,Self-Destruct,Normal,Physical,5,200,100%,I,0,false
121,Egg Bomb,Normal,Physical,10,100,75%,I,0,false
122,Lick,Ghost,Physical,30,30,100%,I,0,true
123,Smog,Poison,Special,20,30,70%,I,0,false
124,Sludge,Poison,Special,20,65,100%,I,0,false
125,Bone Club,Ground,Physical,20,65,85%,I,0,false
126,Fire Blast,Fire,Special,5,110,85%,I,0,false
127,Waterfall,Water,Physical,15,80,100%,I,0,true
128,Clamp,Water,Physical,15,35,85%,I,0,true
129,Swift,Normal,Special,20,60,—%,I,0,false
130,Skull Bash,Normal,Physical,10,130,100%,I,0,true
131,Spike Cannon,Normal,Physical,15,20,100%,I,0,false
132,Constrict,Normal,Physical,35,10,100%,I,0,true
133,Amnesia,Psychic,Status,20,—,—%,I,0,false
134,Kinesis,Psychic,Status,15,—,80%,I,0,false
135,Soft-Boiled,Normal,Status,5,—,—%,I,0,false
136,High Jump Kick,Fighting,Physical,10,130,90%,I,0,true
137,Glare,Normal,Status,30,—,100%,I,0,false
138,Dream Eater,Psychic,Special,15,100,100%,I,0,false
139,Poison Gas,Poison,Status,40,—,90%,I,0,false
140,Barrage,Normal,Physical,20,15,85%,I,0,false
141,Leech Life,Bug,Physical,10,80,100%,I,0,true
142,Lovely Kiss,Normal,Status,10,—,75%,I,0,false
143,Sky Attack,Flying,Physical,5,140,90%,I,0,false
144,Transform,Normal,Status,10,—,—%,I,0,false
145,Bubble,Water,Special,30,40,100%,I,0,false
146,Dizzy Punch,Normal,Physical,10,70,100%,I,0,true
147,Spore,Grass,Status,15,—,100%,I,0,false
148,Flash,Normal,Status,20,—,100%,I,0,false
149,Psywave,Psychic,Special,15,—,100%,I,0,false
150,Splash,Normal,Status,40,—,—%,I,0,false
151,Acid Armor,Poison,Status,20,—,—%,I,0,false
152,Crabhammer,Water,Physical,10,100,90%,I,0,true
153,Explosion,Normal,Physical,5,250,100%,I,0,false
154,Fury Swipes,Normal,Physical,15,18,80%,I,0,true
155,Bonemerang,Ground,Physical,10,50,90%,I,0,false
156,Rest,Psychic,Status,5,—,—%,I,0,false
157,Rock Slide,Rock,Physical,10,75,90%,I,0,false
158,Hyper Fang,Normal,Physical,15,80,90%,I,0,true
159,Sharpen,Normal,Status,30,—,—%,I,0,false
160,Conversion,Normal,Status,30,—,—%,I,0,false
161,Tri Attack,Normal,Special,10,80,100%,I,0,false
162,Super Fang,Normal,Physical,10,—,90%,I,0,true
163,Slash,Normal,Physical,20,70,100%,I,0,true
164,Substitute,Normal,Status,10,—,—%,I,0,false
165,Struggle,Normal,Physical,1,50,—%,I,0,true
166,Sketch,Normal,Status,1,—,—%,II,0,false
167,Triple Kick,Fighting,Physical,10,10,90%,II,0,true
168,Thief,Dark,Physical,25,60,100%,II,0,true
169,Spider Web,Bug,Status,10,—,—%,II,0,false
170,Mind Reader,Normal,Status,5,—,—%,II,0,false
171,Nightmare,Ghost,Status,15,—,100%,II,0,false
172,Flame Wheel,Fire,Physical,25,60,100%,II,0,true
173,Snore,Normal,Special,15,50,100%,II,0,false
174,Curse,Ghost,Status,10,—,—%,II,0,false
175,Flail,Normal,Physical,15,—,100%,II,0,true
176,Conversion 2,Normal,Status,30,—,—%,II,0,false
177,Aeroblast,Flying,Special,5,100,95%,II,0,false
178,Cotton Spore,Grass,Status,40,—,100%,II,0,false
179,Reversal,Fighting,Physical,15,—,100%,II,0,true
180,Spite,Ghost,Status,10,—,100%,II,0,false
181,Powder Snow,Ice,Special,25,40,100%,II,0,false
182,Protect,Normal,Status,10,—,—%,II,4,false
183,Mach Punch,Fighting,Physical,30,40,100%,II,1,true
184,Scary Face,Normal,Status,10,—,100%,II,0,false
185,Feint Attack,Dark,Physical,20,60,—%,II,0,II-III:false::IV-VII:true
186,Sweet Kiss,Fairy,Status,10,—,75%,II,0,false
187,Belly Drum,Normal,Status,10,—,—%,II,0,false
188,Sludge Bomb,Poison,Special,10,90,100%,II,0,false
189,Mud-Slap,Ground,Special,10,20,100%,II,0,false
190,Octazooka,Water,Special,10,65,85%,II,0,false
191,Spikes,Ground,Status,20,—,—%,II,0,false
192,Zap Cannon,Electric,Special,5,120,50%,II,0,false
193,Foresight,Normal,Status,40,—,—%,II,0,false
194,Destiny Bond,Ghost,Status,5,—,—%,II,0,false
195,Perish Song,Normal,Status,5,—,—%,II,0,false
196,Icy Wind,Ice,Special,15,55,95%,II,0,false
197,Detect,Fighting,Status,5,—,—%,II,4,false
198,Bone Rush,Ground,Physical,10,25,90%,II,0,false
199,Lock-On,Normal,Status,5,—,—%,II,0,false
200,Outrage,Dragon,Physical,10,120,100%,II,0,true
201,Sandstorm,Rock,Status,10,—,—%,II,0,false
202,Giga Drain,Grass,Special,10,75,100%,II,0,false
203,Endure,Normal,Status,10,—,—%,II,4,false
204,Charm,Fairy,Status,20,—,100%,II,0,false
205,Rollout,Rock,Physical,20,30,90%,II,0,true
206,False Swipe,Normal,Physical,40,40,100%,II,0,true
207,Swagger,Normal,Status,15,—,85%,II,0,false
208,Milk Drink,Normal,Status,5,—,—%,II,0,false
209,Spark,Electric,Physical,20,65,100%,II,0,true
210,Fury Cutter,Bug,Physical,20,40,95%,II,0,true
211,Steel Wing,Steel,Physical,25,70,90%,II,0,true
212,Mean Look,Normal,Status,5,—,—%,II,0,false
213,Attract,Normal,Status,15,—,100%,II,0,false
214,Sleep Talk,Normal,Status,10,—,—%,II,0,false
215,Heal Bell,Normal,Status,5,—,—%,II,0,false
216,Return,Normal,Physical,20,—,100%,II,0,true
217,Present,Normal,Physical,15,—,90%,II,0,false
218,Frustration,Normal,Physical,20,—,100%,II,0,true
219,Safeguard,Normal,Status,25,—,—%,II,0,false
220,Pain Split,Normal,Status,20,—,—%,II,0,false
221,Sacred Fire,Fire,Physical,5,100,95%,II,0,false
222,Magnitude,Ground,Physical,30,—,100%,II,0,false
223,Dynamic Punch,Fighting,Physical,5,100,50%,II,0,true
224,Megahorn,Bug,Physical,10,120,85%,II,0,true
225,Dragon Breath,Dragon,Special,20,60,100%,II,0,false
226,Baton Pass,Normal,Status,40,—,—%,II,0,false
227,Encore,Normal,Status,5,—,100%,II,0,false
228,Pursuit,Dark,Physical,20,40,100%,II,0,true
229,Rapid Spin,Normal,Physical,40,50,100%,II,0,true
230,Sweet Scent,Normal,Status,20,—,100%,II,0,false
231,Iron Tail,Steel,Physical,15,100,75%,II,0,true
232,Metal Claw,Steel,Physical,35,50,95%,II,0,true
233,Vital Throw,Fighting,Physical,10,70,—%,II,-1,true
234,Morning Sun,Normal,Status,5,—,—%,II,0,false
235,Synthesis,Grass,Status,5,—,—%,II,0,false
236,Moonlight,Fairy,Status,5,—,—%,II,0,false
237,Hidden Power,Normal,Special,15,60,100%,II,0,false
238,Cross Chop,Fighting,Physical,5,100,80%,II,0,true
239,Twister,Dragon,Special,20,40,100%,II,0,false
240,Rain Dance,Water,Status,5,—,—%,II,0,false
241,Sunny Day,Fire,Status,5,—,—%,II,0,false
242,Crunch,Dark,Physical,15,80,100%,II,0,true
243,Mirror Coat,Psychic,Special,20,—,100%,II,-5,false
244,Psych Up,Normal,Status,10,—,—%,II,0,false
245,Extreme Speed,Normal,Physical,5,80,100%,II,2,true
246,Ancient Power,Rock,Special,5,60,100%,II,0,false
247,Shadow Ball,Ghost,Special,15,80,100%,II,0,false
248,Future Sight,Psychic,Special,10,120,100%,II,0,false
249,Rock Smash,Fighting,Physical,15,40,100%,II,0,true
250,Whirlpool,Water,Special,15,35,85%,II,0,false
251,Beat Up,Dark,Physical,10,—,100%,II,0,false
252,Fake Out,Normal,Physical,10,40,100%,III,3,true
253,Uproar,Normal,Special,10,90,100%,III,0,false
254,Stockpile,Normal,Status,20,—,—%,III,0,false
255,Spit Up,Normal,Special,10,—,100%,III,0,false
256,Swallow,Normal,Status,10,—,—%,III,0,false
257,Heat Wave,Fire,Special,10,95,90%,III,0,false
258,Hail,Ice,Status,10,—,—%,III,0,false
259,Torment,Dark,Status,15,—,100%,III,0,false
260,Flatter,Dark,Status,15,—,100%,III,0,false
261,Will-O-Wisp,Fire,Status,15,—,85%,III,0,false
262,Memento,Dark,Status,10,—,100%,III,0,false
263,Facade,Normal,Physical,20,70,100%,III,0,true
264,Focus Punch,Fighting,Physical,20,150,100%,III,-3,true
265,Smelling Salts,Normal,Physical,10,70,100%,III,0,true
266,Follow Me,Normal,Status,20,—,—%,III,I-V:3::VI+:2,false
267,Nature Power,Normal,Status,20,—,—%,III,0,false
268,Charge,Electric,Status,20,—,—%,III,0,false
269,Taunt,Dark,Status,20,—,100%,III,0,false
270,Helping Hand,Normal,Status,20,—,—%,III,5,false
271,Trick,Psychic,Status,10,—,100%,III,0,false
272,Role Play,Psychic,Status,10,—,—%,III,0,false
273,Wish,Normal,Status,10,—,—%,III,0,false
274,Assist,Normal,Status,20,—,—%,III,0,false
275,Ingrain,Grass,Status,20,—,—%,III,0,false
276,Superpower,Fighting,Physical,5,120,100%,III,0,true
277,Magic Coat,Psychic,Status,15,—,—%,III,0,false
278,Recycle,Normal,Status,10,—,—%,III,0,false
279,Revenge,Fighting,Physical,10,60,100%,III,-4,true
280,Brick Break,Fighting,Physical,15,75,100%,III,0,true
281,Yawn,Normal,Status,10,—,—%,III,0,false
282,Knock Off,Dark,Physical,20,65,100%,III,0,true
283,Endeavor,Normal,Physical,5,—,100%,III,0,true
284,Eruption,Fire,Special,5,150,100%,III,0,false
285,Skill Swap,Psychic,Status,10,—,—%,III,0,false
286,Imprison,Psychic,Status,10,—,—%,III,0,false
287,Refresh,Normal,Status,20,—,—%,III,0,false
288,Grudge,Ghost,Status,5,—,—%,III,0,false
289,Snatch,Dark,Status,10,—,—%,III,4,false
290,Secret Power,Normal,Physical,20,70,100%,III,0,false
291,Dive,Water,Physical,10,80,100%,III,0,true
292,Arm Thrust,Fighting,Physical,20,15,100%,III,0,true
293,Camouflage,Normal,Status,20,—,—%,III,0,false
294,Tail Glow,Bug,Status,20,—,—%,III,0,false
295,Luster Purge,Psychic,Special,5,70,100%,III,0,false
296,Mist Ball,Psychic,Special,5,70,100%,III,0,false
297,Feather Dance,Flying,Status,15,—,100%,III,0,false
298,Teeter Dance,Normal,Status,20,—,100%,III,0,false
299,Blaze Kick,Fire,Physical,10,85,90%,III,0,true
300,Mud Sport,Ground,Status,15,—,—%,III,0,false
301,Ice Ball,Ice,Physical,20,30,90%,III,0,true
302,Needle Arm,Grass,Physical,15,60,100%,III,0,true
303,Slack Off,Normal,Status,5,—,—%,III,0,false
304,Hyper Voice,Normal,Special,10,90,100%,III,0,false
305,Poison Fang,Poison,Physical,15,50,100%,III,0,true
306,Crush Claw,Normal,Physical,10,75,95%,III,0,true
307,Blast Burn,Fire,Special,5,150,90%,III,0,false
308,Hydro Cannon,Water,Special,5,150,90%,III,0,false
309,Meteor Mash,Steel,Physical,10,90,90%,III,0,true
310,Astonish,Ghost,Physical,15,30,100%,III,0,true
311,Weather Ball,Normal,Special,10,50,100%,III,0,false
312,Aromatherapy,Grass,Status,5,—,—%,III,0,false
313,Fake Tears,Dark,Status,20,—,100%,III,0,false
314,Air Cutter,Flying,Special,25,60,95%,III,0,false
315,Overheat,Fire,Special,5,130,90%,III,0,false
316,Odor Sleuth,Normal,Status,40,—,—%,III,0,false
317,Rock Tomb,Rock,Physical,15,60,95%,III,0,false
318,Silver Wind,Bug,Special,5,60,100%,III,0,false
319,Metal Sound,Steel,Status,40,—,85%,III,0,false
320,Grass Whistle,Grass,Status,15,—,55%,III,0,false
321,Tickle,Normal,Status,20,—,100%,III,0,false
322,Cosmic Power,Psychic,Status,20,—,—%,III,0,false
323,Water Spout,Water,Special,5,150,100%,III,0,false
324,Signal Beam,Bug,Special,15,75,100%,III,0,false
325,Shadow Punch,Ghost,Physical,20,60,—%,III,0,true
326,Extrasensory,Psychic,Special,20,80,100%,III,0,false
327,Sky Uppercut,Fighting,Physical,15,85,90%,III,0,true
328,Sand Tomb,Ground,Physical,15,35,85%,III,0,false
329,Sheer Cold,Ice,Special,5,—,30%,III,0,false
330,Muddy Water,Water,Special,10,90,85%,III,0,false
331,Bullet Seed,Grass,Physical,30,25,100%,III,0,false
332,Aerial Ace,Flying,Physical,20,60,—,III,0,true
333,Icicle Spear,Ice,Physical,30,25,100%,III,0,false
334,Iron Defense,Steel,Status,15,—,—%,III,0,false
335,Block,Normal,Status,5,—,—%,III,0,false
336,Howl,Normal,Status,40,—,—%,III,0,false
337,Dragon Claw,Dragon,Physical,15,80,100%,III,0,true
338,Frenzy Plant,Grass,Special,5,150,90%,III,0,false
339,Bulk Up,Fighting,Status,20,—,—%,III,0,false
340,Bounce,Flying,Physical,5,85,85%,III,0,true
341,Mud Shot,Ground,Special,15,55,95%,III,0,false
342,Poison Tail,Poison,Physical,25,50,100%,III,0,true
343,Covet,Normal,Physical,25,60,100%,III,0,true
344,Volt Tackle,Electric,Physical,15,120,100%,III,0,true
345,Magical Leaf,Grass,Special,20,60,—%,III,0,false
346,Water Sport,Water,Status,15,—,—%,III,0,false
347,Calm Mind,Psychic,Status,20,—,—%,III,0,false
348,Leaf Blade,Grass,Physical,15,90,100%,III,0,true
349,Dragon Dance,Dragon,Status,20,—,—%,III,0,false
350,Rock Blast,Rock,Physical,10,25,90%,III,0,false
351,Shock Wave,Electric,Special,20,60,—%,III,0,false
352,Water Pulse,Water,Special,20,60,100%,III,0,false
353,Doom Desire,Steel,Special,5,140,100%,III,0,false
354,Psycho Boost,Psychic,Special,5,140,90%,III,0,false
355,Roost,Flying,Status,5,—,—%,IV,0,false
356,Gravity,Psychic,Status,5,—,—%,IV,0,false
357,Miracle Eye,Psychic,Status,40,—,—%,IV,0,false
358,Wake-Up Slap,Fighting,Physical,10,70,100%,IV,0,true
359,Hammer Arm,Fighting,Physical,10,100,90%,IV,0,true
360,Gyro Ball,Steel,Physical,5,—,100%,IV,0,true
361,Healing Wish,Psychic,Status,10,—,—%,IV,0,false
362,Brine,Water,Special,10,65,100%,IV,0,false
363,Natural Gift,Normal,Physical,15,—,100%,IV,0,false
364,Feint,Normal,Physical,10,30,100%,IV,2,false
365,Pluck,Flying,Physical,20,60,100%,IV,0,true
366,Tailwind,Flying,Status,15,—,—%,IV,0,false
367,Acupressure,Normal,Status,30,—,—%,IV,0,false
368,Metal Burst,Steel,Physical,10,—,100%,IV,0,false
369,U-turn,Bug,Physical,20,70,100%,IV,0,true
370,Close Combat,Fighting,Physical,5,120,100%,IV,0,true
371,Payback,Dark,Physical,10,50,100%,IV,0,true
372,Assurance,Dark,Physical,10,60,100%,IV,0,true
373,Embargo,Dark,Status,15,—,100%,IV,0,false
374,Fling,Dark,Physical,10,—,100%,IV,0,false
375,Psycho Shift,Psychic,Status,10,—,100%,IV,0,false
376,Trump Card,Normal,Special,5,—,—%,IV,0,true
377,Heal Block,Psychic,Status,15,—,100%,IV,0,false
378,Wring Out,Normal,Special,5,—,100%,IV,0,true
379,Power Trick,Psychic,Status,10,—,—%,IV,0,false
380,Gastro Acid,Poison,Status,10,—,100%,IV,0,false
381,Lucky Chant,Normal,Status,30,—,—%,IV,0,false
382,Me First,Normal,Status,20,—,—%,IV,0,false
383,Copycat,Normal,Status,20,—,—%,IV,0,false
384,Power Swap,Psychic,Status,10,—,—%,IV,0,false
385,Guard Swap,Psychic,Status,10,—,—%,IV,0,false
386,Punishment,Dark,Physical,5,—,100%,IV,0,true
387,Last Resort,Normal,Physical,5,140,100%,IV,0,true
388,Worry Seed,Grass,Status,10,—,100%,IV,0,false
389,Sucker Punch,Dark,Physical,5,70,100%,IV,1,true
390,Toxic Spikes,Poison,Status,20,—,—%,IV,0,false
391,Heart Swap,Psychic,Status,10,—,—%,IV,0,false
392,Aqua Ring,Water,Status,20,—,—%,IV,0,false
393,Magnet Rise,Electric,Status,10,—,—%,IV,0,false
394,Flare Blitz,Fire,Physical,15,120,100%,IV,0,true
395,Force Palm,Fighting,Physical,10,60,100%,IV,0,true
396,Aura Sphere,Fighting,Special,20,80,—,IV,0,false
397,Rock Polish,Rock,Status,20,—,—%,IV,0,false
398,Poison Jab,Poison,Physical,20,80,100%,IV,0,true
399,Dark Pulse,Dark,Special,15,80,100%,IV,0,false
400,Night Slash,Dark,Physical,15,70,100%,IV,0,true
401,Aqua Tail,Water,Physical,10,90,90%,IV,0,true
402,Seed Bomb,Grass,Physical,15,80,100%,IV,0,false
403,Air Slash,Flying,Special,15,75,95%,IV,0,false
404,X-Scissor,Bug,Physical,15,80,100%,IV,0,true
405,Bug Buzz,Bug,Special,10,90,100%,IV,0,false
406,Dragon Pulse,Dragon,Special,10,85,100%,IV,0,false
407,Dragon Rush,Dragon,Physical,10,100,75%,IV,0,true
408,Power Gem,Rock,Special,20,80,100%,IV,0,false
409,Drain Punch,Fighting,Physical,10,75,100%,IV,0,true
410,Vacuum Wave,Fighting,Special,30,40,100%,IV,1,false
411,Focus Blast,Fighting,Special,5,120,70%,IV,0,false
412,Energy Ball,Grass,Special,10,90,100%,IV,0,false
413,Brave Bird,Flying,Physical,15,120,100%,IV,0,true
414,Earth Power,Ground,Special,10,90,100%,IV,0,false
415,Switcheroo,Dark,Status,10,—,100%,IV,0,false
416,Giga Impact,Normal,Physical,5,150,90%,IV,0,true
417,Nasty Plot,Dark,Status,20,—,—%,IV,0,false
418,Bullet Punch,Steel,Physical,30,40,100%,IV,1,true
419,Avalanche,Ice,Physical,10,60,100%,IV,-4,true
420,Ice Shard,Ice,Physical,30,40,100%,IV,1,false
421,Shadow Claw,Ghost,Physical,15,70,100%,IV,0,true
422,Thunder Fang,Electric,Physical,15,65,95%,IV,0,true
423,Ice Fang,Ice,Physical,15,65,95%,IV,0,true
424,Fire Fang,Fire,Physical,15,65,95%,IV,0,true
425,Shadow Sneak,Ghost,Physical,30,40,100%,IV,1,true
426,Mud Bomb,Ground,Special,10,65,85%,IV,0,false
427,Psycho Cut,Psychic,Physical,20,70,100%,IV,0,false
428,Zen Headbutt,Psychic,Physical,15,80,90%,IV,0,true
429,Mirror Shot,Steel,Special,10,65,85%,IV,0,false
430,Flash Cannon,Steel,Special,10,80,100%,IV,0,false
431,Rock Climb,Normal,Physical,20,90,85%,IV,0,true
432,Defog,Flying,Status,15,—,—%,IV,0,false
433,Trick Room,Psychic,Status,5,—,—%,IV,-7,false
434,Draco Meteor,Dragon,Special,5,130,90%,IV,0,false
435,Discharge,Electric,Special,15,80,100%,IV,0,false
436,Lava Plume,Fire,Special,15,80,100%,IV,0,false
437,Leaf Storm,Grass,Special,5,130,90%,IV,0,false
438,Power Whip,Grass,Physical,10,120,85%,IV,0,true
439,Rock Wrecker,Rock,Physical,5,150,90%,IV,0,false
440,Cross Poison,Poison,Physical,20,70,100%,IV,0,true
441,Gunk Shot,Poison,Physical,5,120,80%,IV,0,false
442,Iron Head,Steel,Physical,15,80,100%,IV,0,true
443,Magnet Bomb,Steel,Physical,20,60,—,IV,0,false
444,Stone Edge,Rock,Physical,5,100,80%,IV,0,false
445,Captivate,Normal,Status,20,—,100%,IV,0,false
446,Stealth Rock,Rock,Status,20,—,—%,IV,0,false
447,Grass Knot,Grass,Special,20,—,100%,IV,0,true
448,Chatter,Flying,Special,20,65,100%,IV,0,false
449,Judgment,Normal,Special,10,100,100%,IV,0,false
450,Bug Bite,Bug,Physical,20,60,100%,IV,0,true
451,Charge Beam,Electric,Special,10,50,90%,IV,0,false
452,Wood Hammer,Grass,Physical,15,120,100%,IV,0,true
453,Aqua Jet,Water,Physical,20,40,100%,IV,1,true
454,Attack Order,Bug,Physical,15,90,100%,IV,0,false
455,Defend Order,Bug,Status,10,—,—%,IV,0,false
456,Heal Order,Bug,Status,10,—,—%,IV,0,false
457,Head Smash,Rock,Physical,5,150,80%,IV,0,true
458,Double Hit,Normal,Physical,10,35,90%,IV,0,true
459,Roar of Time,Dragon,Special,5,150,90%,IV,0,false
460,Spacial Rend,Dragon,Special,5,100,95%,IV,0,false
461,Lunar Dance,Psychic,Status,10,—,—%,IV,0,false
462,Crush Grip,Normal,Physical,5,—,100%,IV,0,true
463,Magma Storm,Fire,Special,5,100,75%,IV,0,false
464,Dark Void,Dark,Status,10,—,50%,IV,0,false
465,Seed Flare,Grass,Special,5,120,85%,IV,0,false
466,Ominous Wind,Ghost,Special,5,60,100%,IV,0,false
467,Shadow Force,Ghost,Physical,5,120,100%,IV,0,true
468,Hone Claws,Dark,Status,15,—,—%,V,0,false
469,Wide Guard,Rock,Status,10,—,—%,V,3,false
470,Guard Split,Psychic,Status,10,—,—%,V,0,false
471,Power Split,Psychic,Status,10,—,—%,V,0,false
472,Wonder Room,Psychic,Status,10,—,—%,V,I-V:-7::VI+:0,false
473,Psyshock,Psychic,Special,10,80,100%,V,0,false
474,Venoshock,Poison,Special,10,65,100%,V,0,false
475,Autotomize,Steel,Status,15,—,—%,V,0,false
476,Rage Powder,Bug,Status,20,—,—%,V,I-V:3::VI+:2,false
477,Telekinesis,Psychic,Status,15,—,—%,V,0,false
478,Magic Room,Psychic,Status,10,—,—%,V,I-V:-7::VI+:0,false
479,Smack Down,Rock,Physical,15,50,100%,V,0,false
480,Storm Throw,Fighting,Physical,10,60,100%,V,0,true
481,Flame Burst,Fire,Special,15,70,100%,V,0,false
482,Sludge Wave,Poison,Special,10,95,100%,V,0,false
483,Quiver Dance,Bug,Status,20,—,—%,V,0,false
484,Heavy Slam,Steel,Physical,10,—,100%,V,0,true
485,Synchronoise,Psychic,Special,10,120,100%,V,0,false
486,Electro Ball,Electric,Special,10,—,100%,V,0,false
487,Soak,Water,Status,20,—,100%,V,0,false
488,Flame Charge,Fire,Physical,20,50,100%,V,0,true
489,Coil,Poison,Status,20,—,—%,V,0,false
490,Low Sweep,Fighting,Physical,20,65,100%,V,0,true
491,Acid Spray,Poison,Special,20,40,100%,V,0,false
492,Foul Play,Dark,Physical,15,95,100%,V,0,true
493,Simple Beam,Normal,Status,15,—,100%,V,0,false
494,Entrainment,Normal,Status,15,—,100%,V,0,false
495,After You,Normal,Status,15,—,—%,V,0,false
496,Round,Normal,Special,15,60,100%,V,0,false
497,Echoed Voice,Normal,Special,15,40,100%,V,0,false
498,Chip Away,Normal,Physical,20,70,100%,V,0,true
499,Clear Smog,Poison,Special,15,50,—%,V,0,false
500,Stored Power,Psychic,Special,10,20,100%,V,0,false
501,Quick Guard,Fighting,Status,15,—,—%,V,3,false
502,Ally Switch,Psychic,Status,15,—,—%,V,VII+:2::I-VI:1,false
503,Scald,Water,Special,15,80,100%,V,0,false
504,Shell Smash,Normal,Status,15,—,—%,V,0,false
505,Heal Pulse,Psychic,Status,10,—,—%,V,0,false
506,Hex,Ghost,Special,10,65,100%,V,0,false
507,Sky Drop,Flying,Physical,10,60,100%,V,0,true
508,Shift Gear,Steel,Status,10,—,—%,V,0,false
509,Circle Throw,Fighting,Physical,10,60,90%,V,-6,true
510,Incinerate,Fire,Special,15,60,100%,V,0,false
511,Quash,Dark,Status,15,—,100%,V,0,false
512,Acrobatics,Flying,Physical,15,55,100%,V,0,true
513,Reflect Type,Normal,Status,15,—,—%,V,0,false
514,Retaliate,Normal,Physical,5,70,100%,V,0,true
515,Final Gambit,Fighting,Special,5,—,100%,V,0,false
516,Bestow,Normal,Status,15,—,—%,V,0,false
517,Inferno,Fire,Special,5,100,50%,V,0,false
518,Water Pledge,Water,Special,10,80,100%,V,0,false
519,Fire Pledge,Fire,Special,10,80,100%,V,0,false
520,Grass Pledge,Grass,Special,10,80,100%,V,0,false
521,Volt Switch,Electric,Special,20,70,100%,V,0,false
522,Struggle Bug,Bug,Special,20,50,100%,V,0,false
523,Bulldoze,Ground,Physical,20,60,100%,V,0,false
524,Frost Breath,Ice,Special,10,60,90%,V,0,false
525,Dragon Tail,Dragon,Physical,10,60,90%,V,-6,true
526,Work Up,Normal,Status,30,—,—%,V,0,false
527,Electroweb,Electric,Special,15,55,95%,V,0,false
528,Wild Charge,Electric,Physical,15,90,100%,V,0,true
529,Drill Run,Ground,Physical,10,80,95%,V,0,true
530,Dual Chop,Dragon,Physical,15,40,90%,V,0,true
531,Heart Stamp,Psychic,Physical,25,60,100%,V,0,true
532,Horn Leech,Grass,Physical,10,75,100%,V,0,true
533,Sacred Sword,Fighting,Physical,15,90,100%,V,0,true
534,Razor Shell,Water,Physical,10,75,95%,V,0,true
535,Heat Crash,Fire,Physical,10,—,100%,V,0,true
536,Leaf Tornado,Grass,Special,10,65,90%,V,0,false
537,Steamroller,Bug,Physical,20,65,100%,V,0,true
538,Cotton Guard,Grass,Status,10,—,—%,V,0,false
539,Night Daze,Dark,Special,10,85,95%,V,0,false
540,Psystrike,Psychic,Special,10,100,100%,V,0,false
541,Tail Slap,Normal,Physical,10,25,85%,V,0,true
542,Hurricane,Flying,Special,10,110,70%,V,0,false
543,Head Charge,Normal,Physical,15,120,100%,V,0,true
544,Gear Grind,Steel,Physical,15,50,85%,V,0,true
545,Searing Shot,Fire,Special,5,100,100%,V,0,false
546,Techno Blast,Normal,Special,5,120,100%,V,0,false
547,Relic Song,Normal,Special,10,75,100%,V,0,false
548,Secret Sword,Fighting,Special,10,85,100%,V,0,false
549,Glaciate,Ice,Special,10,65,95%,V,0,false
550,Bolt Strike,Electric,Physical,5,130,85%,V,0,true
551,Blue Flare,Fire,Special,5,130,85%,V,0,false
552,Fiery Dance,Fire,Special,10,80,100%,V,0,false
553,Freeze Shock,Ice,Physical,5,140,90%,V,0,false
554,Ice Burn,Ice,Special,5,140,90%,V,0,false
555,Snarl,Dark,Special,15,55,95%,V,0,false
556,Icicle Crash,Ice,Physical,10,85,90%,V,0,false
557,V-create,Fire,Physical,5,180,95%,V,0,true
558,Fusion Flare,Fire,Special,5,100,100%,V,0,false
559,Fusion Bolt,Electric,Physical,5,100,100%,V,0,false
560,Flying Press,Fighting,Physical,10,100,95%,VI,0,true
561,Mat Block,Fighting,Status,10,—,—%,VI,0,false
562,Belch,Poison,Special,10,120,90%,VI,0,false
563,Rototiller,Ground,Status,10,—,—%,VI,0,false
564,Sticky Web,Bug,Status,20,—,—%,VI,0,false
565,Fell Stinger,Bug,Physical,25,50,100%,VI,0,true
566,Phantom Force,Ghost,Physical,10,90,100%,VI,0,true
567,Trick-or-Treat,Ghost,Status,20,—,100%,VI,0,false
568,Noble Roar,Normal,Status,30,—,100%,VI,0,false
569,Ion Deluge,Electric,Status,25,—,—%,VI,1,false
570,Parabolic Charge,Electric,Special,20,65,100%,VI,0,false
571,Forest's Curse,Grass,Status,20,—,100%,VI,0,false
572,Petal Blizzard,Grass,Physical,15,90,100%,VI,0,false
573,Freeze-Dry,Ice,Special,20,70,100%,VI,0,false
574,Disarming Voice,Fairy,Special,15,40,—%,VI,0,false
575,Parting Shot,Dark,Status,20,—,100%,VI,0,false
576,Topsy-Turvy,Dark,Status,20,—,—%,VI,0,false
577,Draining Kiss,Fairy,Special,10,50,100%,VI,0,true
578,Crafty Shield,Fairy,Status,10,—,—%,VI,3,false
579,Flower Shield,Fairy,Status,10,—,—%,VI,0,false
580,Grassy Terrain,Grass,Status,10,—,—%,VI,0,false
581,Misty Terrain,Fairy,Status,10,—,—%,VI,0,false
582,Electrify,Electric,Status,20,—,—%,VI,0,false
583,Play Rough,Fairy,Physical,10,90,90%,VI,0,true
584,Fairy Wind,Fairy,Special,30,40,100%,VI,0,false
585,Moonblast,Fairy,Special,15,95,100%,VI,0,false
586,Boomburst,Normal,Special,10,140,100%,VI,0,false
587,Fairy Lock,Fairy,Status,10,—,—%,VI,0,false
588,King's Shield,Steel,Status,10,—,—%,VI,4,false
589,Play Nice,Normal,Status,20,—,—%,VI,0,false
590,Confide,Normal,Status,20,—,—%,VI,0,false
591,Diamond Storm,Rock,Physical,5,100,95%,VI,0,false
592,Steam Eruption,Water,Special,5,110,95%,VI,0,false
593,Hyperspace Hole,Psychic,Special,5,80,—%,VI,0,false
594,Water Shuriken,Water,Special,20,15,100%,VI,1,false
595,Mystical Fire,Fire,Special,10,75,100%,VI,0,false
596,Spiky Shield,Grass,Status,10,—,—%,VI,4,false
597,Aromatic Mist,Fairy,Status,20,—,—%,VI,0,false
598,Eerie Impulse,Electric,Status,15,—,100%,VI,0,false
599,Venom Drench,Poison,Status,20,—,100%,VI,0,false
600,Powder,Bug,Status,20,—,100%,VI,1,false
601,Geomancy,Fairy,Status,10,—,—%,VI,0,false
602,Magnetic Flux,Electric,Status,20,—,—%,VI,0,false
603,Happy Hour,Normal,Status,30,—,—%,VI,0,false
604,Electric Terrain,Electric,Status,10,—,—%,VI,0,false
605,Dazzling Gleam,Fairy,Special,10,80,100%,VI,0,false
606,Celebrate,Normal,Status,40,—,—%,VI,0,false
607,Hold Hands,Normal,Status,40,—,—%,VI,0,false
608,Baby-Doll Eyes,Fairy,Status,30,—,100%,VI,1,false
609,Nuzzle,Electric,Physical,20,20,100%,VI,0,true
610,Hold Back,Normal,Physical,40,40,100%,VI,0,true
611,Infestation,Bug,Special,20,20,100%,VI,0,true
612,Power-Up Punch,Fighting,Physical,20,40,100%,VI,0,true
613,Oblivion Wing,Flying,Special,10,80,100%,VI,0,false
614,Thousand Arrows,Ground,Physical,10,90,100%,VI,0,false
615,Thousand Waves,Ground,Physical,10,90,100%,VI,0,false
616,Land's Wrath,Ground,Physical,10,90,100%,VI,0,false
617,Light of Ruin,Fairy,Special,5,140,90%,VI,0,false
618,Origin Pulse,Water,Special,10,110,85%,VI,0,false
619,Precipice Blades,Ground,Physical,10,120,85%,VI,0,false
620,Dragon Ascent,Flying,Physical,5,120,100%,VI,0,true
621,Hyperspace Fury,Dark,Physical,5,100,—%,VI,0,false
622,Breakneck Blitz,Normal,Physical,1,—,—%,VII,0,false
623,Breakneck Blitz,Normal,Special,1,—,—%,VII,0,false
624,All-Out Pummeling,Fighting,Physical,1,—,—%,VII,0,false
625,All-Out Pummeling,Fighting,Special,1,—,—%,VII,0,false
626,Supersonic Skystrike,Flying,Physical,1,—,—%,VII,0,false
627,Supersonic Skystrike,Flying,Special,1,—,—%,VII,0,false
628,Acid Downpour,Poison,Physical,1,—,—%,VII,0,false
629,Acid Downpour,Poison,Special,1,—,—%,VII,0,false
630,Tectonic Rage,Ground,Physical,1,—,—%,VII,0,false
631,Tectonic Rage,Ground,Special,1,—,—%,VII,0,false
632,Continental Crush,Rock,Physical,1,—,—%,VII,0,false
633,Continental Crush,Rock,Special,1,—,—%,VII,0,false
634,Savage Spin-Out,Bug,Physical,1,—,—%,VII,0,false
635,Savage Spin-Out,Bug,Special,1,—,—%,VII,0,false
636,Never-Ending Nightmare,Ghost,Physical,1,—,—%,VII,0,false
637,Never-Ending Nightmare,Ghost,Special,1,—,—%,VII,0,false
638,Corkscrew Crash,Steel,Physical,1,—,—%,VII,0,false
639,Corkscrew Crash,Steel,Special,1,—,—%,VII,0,false
640,Inferno Overdrive,Fire,Physical,1,—,—%,VII,0,false
641,Inferno Overdrive,Fire,Special,1,—,—%,VII,0,false
642,Hydro Vortex,Water,Physical,1,—,—%,VII,0,false
643,Hydro Vortex,Water,Special,1,—,—%,VII,0,false
644,Bloom Doom,Grass,Physical,1,—,—%,VII,0,false
645,Bloom Doom,Grass,Special,1,—,—%,VII,0,false
646,Gigavolt Havoc,Electric,Physical,1,—,—%,VII,0,false
647,Gigavolt Havoc,Electric,Special,1,—,—%,VII,0,false
648,Shattered Psyche,Psychic,Physical,1,—,—%,VII,0,false
649,Shattered Psyche,Psychic,Special,1,—,—%,VII,0,false
650,Subzero Slammer,Ice,Physical,1,—,—%,VII,0,false
651,Subzero Slammer,Ice,Special,1,—,—%,VII,0,false
652,Devastating Drake,Dragon,Physical,1,—,—%,VII,0,false
653,Devastating Drake,Dragon,Special,1,—,—%,VII,0,false
654,Black Hole Eclipse,Dark,Physical,1,—,—%,VII,0,false
655,Black Hole Eclipse,Dark,Special,1,—,—%,VII,0,false
656,Twinkle Tackle,Fairy,Physical,1,—,—%,VII,0,false
657,Twinkle Tackle,Fairy,Special,1,—,—%,VII,0,false
658,Catastropika,Electric,Physical,1,210,—%,VII,0,true
659,Shore Up,Ground,Status,5,—,—%,VII,0,false
660,First Impression,Bug,Physical,10,90,100%,VII,2,true
661,Baneful Bunker,Poison,Status,10,—,—%,VII,4,false
662,Spirit Shackle,Ghost,Physical,10,80,100%,VII,0,false
663,Darkest Lariat,Dark,Physical,10,85,100%,VII,0,true
664,Sparkling Aria,Water,Special,10,90,100%,VII,0,false
665,Ice Hammer,Ice,Physical,10,100,90%,VII,0,true
666,Floral Healing,Fairy,Status,10,—,—%,VII,0,false
667,High Horsepower,Ground,Physical,10,95,95%,VII,0,true
668,Strength Sap,Grass,Status,10,—,100%,VII,0,false
669,Solar Blade,Grass,Physical,10,125,100%,VII,0,true
670,Leafage,Grass,Physical,40,40,100%,VII,0,false
671,Spotlight,Normal,Status,15,—,—%,VII,3,false
672,Toxic Thread,Poison,Status,20,—,100%,VII,0,false
673,Laser Focus,Normal,Status,30,—,—%,VII,0,false
674,Gear Up,Steel,Status,20,—,—%,VII,0,false
675,Throat Chop,Dark,Physical,15,80,100%,VII,0,true
676,Pollen Puff,Bug,Special,15,90,100%,VII,0,false
677,Anchor Shot,Steel,Physical,20,80,100%,VII,0,true
678,Psychic Terrain,Psychic,Status,10,—,—%,VII,0,false
679,Lunge,Bug,Physical,15,80,100%,VII,0,true
680,Fire Lash,Fire,Physical,15,80,100%,VII,0,true
681,Power Trip,Dark,Physical,10,20,100%,VII,0,true
682,Burn Up,Fire,Special,5,130,100%,VII,0,false
683,Speed Swap,Psychic,Status,10,—,—%,VII,0,false
684,Smart Strike,Steel,Physical,10,70,—%,VII,0,true
685,Purify,Poison,Status,20,—,—%,VII,0,false
686,Revelation Dance,Normal,Special,15,90,100%,VII,0,false
687,Core Enforcer,Dragon,Special,10,100,100%,VII,0,false
688,Trop Kick,Grass,Physical,15,70,100%,VII,0,true
689,Instruct,Psychic,Status,15,—,—%,VII,0,false
690,Beak Blast,Flying,Physical,15,100,100%,VII,-3,false
691,Clanging Scales,Dragon,Special,5,110,100%,VII,0,false
692,Dragon Hammer,Dragon,Physical,15,90,100%,VII,0,true
693,Brutal Swing,Dark,Physical,20,60,100%,VII,0,true
694,Aurora Veil,Ice,Status,20,—,—%,VII,0,false
695,Sinister Arrow Raid,Ghost,Physical,1,180,—%,VII,0,false
696,Malicious Moonsault,Dark,Physical,1,180,—%,VII,0,true
697,Oceanic Operetta,Water,Special,1,195,—%,VII,0,false
698,Guardian of Alola,Fairy,Special,1,—,—%,VII,0,false
699,Soul-Stealing 7-Star Strike,Ghost,Physical,1,195,—%,VII,0,true
700,Stoked Sparksurfer,Electric,Special,1,175,—%,VII,0,false
701,Pulverizing Pancake,Normal,Physical,1,210,—%,VII,0,true
702,Extreme Evoboost,Normal,Status,1,—,—%,VII,0,false
703,Genesis Supernova,Psychic,Special,1,185,—%,VII,0,false
704,Shell Trap,Fire,Special,5,150,100%,VII,-3,false
705,Fleur Cannon,Fairy,Special,5,130,90%,VII,0,false
706,Psychic Fangs,Psychic,Physical,10,85,100%,VII,0,true
707,Stomping Tantrum,Ground,Physical,10,75,100%,VII,0,true
708,Shadow Bone,Ghost,Physical,10,85,100%,VII,0,false
709,Accelerock,Rock,Physical,20,40,100%,VII,1,true
710,Liquidation,Water,Physical,10,85,100%,VII,0,true
711,Prismatic Laser,Psychic,Special,10,160,100%,VII,0,false
712,Spectral Thief,Ghost,Physical,10,90,100%,VII,0,true
713,Sunsteel Strike,Steel,Physical,5,100,100%,VII,0,true
714,Moongeist Beam,Ghost,Special,5,100,100%,VII,0,false
715,Tearful Look,Normal,Status,20,—,—%,VII,0,false
716,Zing Zap,Electric,Physical,10,80,100%,VII,0,true
717,Nature's Madness,Fairy,Special,10,—,90%,VII,0,false
718,Multi-Attack,Normal,Physical,10,120,100%,VII,0,true
719,"10,000,000 Volt Thunderbolt",Electric,Special,1,195,—%,VII,0,false
720,Mind Blown,Fire,Special,5,150,100%,VII,0,false
721,Plasma Fists,Electric,Physical,15,100,100%,VII,0,true
722,Photon Geyser,Psychic,Special,5,100,100%,VII,0,false
723,Light That Burns the Sky,Psychic,Special,1,200,—%,VII,0,false
724,Searing Sunraze Smash,Steel,Physical,1,200,—%,VII,0,true
725,Menacing Moonraze Maelstrom,Ghost,Special,1,200,—%,VII,0,false
726,Let's Snuggle Forever,Fairy,Physical,1,190,—%,VII,0,true
727,Splintered Stormshards,Rock,Physical,1,190,—%,VII,0,false
728,Clangorous Soulblaze,Dragon,Special,1,185,—%,VII,0,false
729,Zippy Zap,Electric,Physical,10,80,100%,VII,0,true
730,Splishy Splash,Water,Special,15,90,100%,VII,0,false
731,Floaty Fall,Flying,Physical,15,90,95%,VII,0,true
732,Pika Papow,Electric,Special,20,—,—%,VII,0,false
733,Bouncy Bubble,Water,Special,20,60,100%,VII,0,false
734,Buzzy Buzz,Electric,Special,20,60,100%,VII,0,false
735,Sizzly Slide,Fire,Physical,20,60,100%,VII,0,true
736,Glitzy Glow,Psychic,Special,15,80,95%,VII,0,false
737,Baddy Bad,Dark,Special,15,80,95%,VII,0,false
738,Sappy Seed,Grass,Physical,10,100,90%,VII,0,false
739,Freezy Frost,Ice,Special,10,100,90%,VII,0,false
740,Sparkly Swirl,Fairy,Special,5,120,85%,VII,0,false
741,Veevee Volley,Normal,Physical,20,—,—%,VII,0,true
742,Double Iron Bash,Steel,Physical,5,60,100%,VII,0,true
743,Max Guard,Normal,Status,10,—,—%,VIII,4,false
744,Dynamax Cannon,Dragon,Special,5,100,100%,VIII,0,false
745,Snipe Shot,Water,Special,15,80,100%,VIII,0,false
746,Jaw Lock,Dark,Physical,10,80,100%,VIII,0,true
747,Stuff Cheeks,Normal,Status,10,—,—%,VIII,0,false
748,No Retreat,Fighting,Status,5,—,—%,VIII,0,false
749,Tar Shot,Rock,Status,15,—,100%,VIII,0,false
750,Magic Powder,Psychic,Status,20,—,100%,VIII,0,false
751,Dragon Darts,Dragon,Physical,10,50,100%,VIII,0,false
752,Teatime,Normal,Status,10,—,—%,VIII,0,false
753,Octolock,Fighting,Status,15,—,100%,VIII,0,false
754,Bolt Beak,Electric,Physical,10,85,100%,VIII,0,true
755,Fishious Rend,Water,Physical,10,85,100%,VIII,0,true
756,Court Change,Normal,Status,10,—,100%,VIII,0,false
757,Max Flare,Fire,???,10,—,—%,VIII,0,false
758,Max Flutterby,Bug,???,10,—,—%,VIII,0,false
759,Max Lightning,Electric,???,10,—,—%,VIII,0,false
760,Max Strike,Normal,???,10,—,—%,VIII,0,false
761,Max Knuckle,Fighting,???,10,—,—%,VIII,0,false
762,Max Phantasm,Ghost,???,10,—,—%,VIII,0,false
763,Max Hailstorm,Ice,???,10,—,—%,VIII,0,false
764,Max Ooze,Poison,???,10,—,—%,VIII,0,false
765,Max Geyser,Water,???,10,—,—%,VIII,0,false
766,Max Airstream,Flying,???,10,—,—%,VIII,0,false
767,Max Starfall,Fairy,???,10,—,—%,VIII,0,false
768,Max Wyrmwind,Dragon,???,10,—,—%,VIII,0,false
769,Max Mindstorm,Psychic,???,10,—,—%,VIII,0,false
770,Max Rockfall,Rock,???,10,—,—%,VIII,0,false
771,Max Quake,Ground,???,10,—,—%,VIII,0,false
772,Max Darkness,Dark,???,10,—,—%,VIII,0,false
773,Max Overgrowth,Grass,???,10,—,—%,VIII,0,false
774,Max Steelspike,Steel,???,10,—,—%,VIII,0,false
775,Clangorous Soul,Dragon,Status,5,—,—%,VIII,0,false
776,Body Press,Fighting,Physical,10,80,100%,VIII,0,true
777,Decorate,Fairy,Status,15,—,—%,VIII,0,false
778,Drum Beating,Grass,Physical,10,80,100%,VIII,0,false
779,Snap Trap,Grass,Physical,15,35,100%,VIII,0,true
780,Pyro Ball,Fire,Physical,5,120,90%,VIII,0,false
781,Behemoth Blade,Steel,Physical,5,100,100%,VIII,0,true
782,Behemoth Bash,Steel,Physical,5,100,100%,VIII,0,true
783,Aura Wheel,Electric,Physical,10,110,100%,VIII,0,false
784,Breaking Swipe,Dragon,Physical,15,60,100%,VIII,0,true
785,Branch Poke,Grass,Physical,40,40,100%,VIII,0,true
786,Overdrive,Electric,Special,10,80,100%,VIII,0,false
787,Apple Acid,Grass,Special,10,80,100%,VIII,0,false
788,Grav Apple,Grass,Physical,10,80,100%,VIII,0,false
789,Spirit Break,Fairy,Physical,15,75,100%,VIII,0,true
790,Strange Steam,Fairy,Special,10,90,95%,VIII,0,false
791,Life Dew,Water,Status,10,—,—%,VIII,0,false
792,Obstruct,Dark,Status,10,—,100%,VIII,4,false
793,False Surrender,Dark,Physical,10,80,—%,VIII,0,true
794,Meteor Assault,Fighting,Physical,5,150,100%,VIII,0,false
795,Eternabeam,Dragon,Special,5,160,90%,VIII,0,false
796,Steel Beam,Steel,Special,5,140,95%,VIII,0,false
797,Expanding Force,Psychic,Special,10,80,100%,VIII,0,false
798,Steel Roller,Steel,Physical,5,130,100%,VIII,0,true
799,Scale Shot,Dragon,Physical,20,25,90%,VIII,0,false
800,Meteor Beam,Rock,Special,10,120,90%,VIII,0,false
801,Shell Side Arm,Poison,Special,10,90,100%,VIII,0,false
802,Misty Explosion,Fairy,Special,5,100,100%,VIII,0,false
803,Grassy Glide,Grass,Physical,20,60,100%,VIII,0,true
804,Rising Voltage,Electric,Special,20,70,100%,VIII,0,false
805,Terrain Pulse,Normal,Special,10,50,100%,VIII,0,false
806,Skitter Smack,Bug,Physical,10,70,90%,VIII,0,true
807,Burning Jealousy,Fire,Special,5,70,100%,VIII,0,false
808,Lash Out,Dark,Physical,5,75,100%,VIII,0,true
809,Poltergeist,Ghost,Physical,5,110,90%,VIII,0,false
810,Corrosive Gas,Poison,Status,40,—,100%,VIII,0,false
811,Coaching,Fighting,Status,10,—,—%,VIII,0,false
812,Flip Turn,Water,Physical,20,60,100%,VIII,0,true
813,Triple Axel,Ice,Physical,10,20,90%,VIII,0,true
814,Dual Wingbeat,Flying,Physical,10,40,90%,VIII,0,true
815,Scorching Sands,Ground,Special,10,70,100%,VIII,0,false
816,Jungle Healing,Grass,Status,10,—,—%,VIII,0,false
817,Wicked Blow,Dark,Physical,5,75,100%,VIII,0,true
818,Surging Strikes,Water,Physical,5,25,100%,VIII,0,true
819,Thunder Cage,Electric,Special,15,80,90%,VIII,0,false
820,Dragon Energy,Dragon,Special,5,150,100%,VIII,0,false
821,Freezing Glare,Psychic,Special,10,90,100%,VIII,0,false
822,Fiery Wrath,Dark,Special,10,90,100%,VIII,0,false
823,Thunderous Kick,Fighting,Physical,10,90,100%,VIII,0,true
824,Glacial Lance,Ice,Physical,5,120,100%,VIII,0,false
825,Astral Barrage,Ghost,Special,5,120,100%,VIII,0,false
826,Eerie Spell,Psychic,Special,5,80,100%,VIII,0,false
827,Dire Claw,Poison,Physical,15,80,100%,VIII,0,true
828,Psyshield Bash,Psychic,Physical,10,70,90%,VIII,0,true
829,Power Shift,Normal,Status,10,—,—%,VIII,0,false
830,Stone Axe,Rock,Physical,15,65,90%,VIII,0,true
831,Springtide Storm,Fairy,Special,10,100,80%,VIII,0,false
832,Mystical Power,Psychic,Special,10,70,90%,VIII,0,false
833,Raging Fury,Fire,Physical,10,120,100%,VIII,0,false
834,Wave Crash,Water,Physical,10,120,100%,VIII,0,true
835,Chloroblast,Grass,Special,5,150,95%,VIII,0,false
836,Mountain Gale,Ice,Physical,10,100,85%,VIII,0,false
837,Victory Dance,Fighting,Status,10,—,—%,VIII,0,false
838,Headlong Rush,Ground,Physical,5,120,100%,VIII,0,true
839,Barb Barrage,Poison,Physical,10,60,100%,VIII,0,false
840,Esper Wing,Psychic,Special,10,80,100%,VIII,0,false
841,Bitter Malice,Ghost,Special,10,75,100%,VIII,0,false
842,Shelter,Steel,Status,10,—,—%,VIII,0,false
843,Triple Arrows,Fighting,Physical,10,90,100%,VIII,0,false
844,Infernal Parade,Ghost,Special,15,60,100%,VIII,0,false
845,Ceaseless Edge,Dark,Physical,15,65,90%,VIII,0,true
846,Bleakwind Storm,Flying,Special,10,100,80%,VIII,0,false
847,Wildbolt Storm,Electric,Special,10,100,80%,VIII,0,false
848,Sandsear Storm,Ground,Special,10,100,80%,VIII,0,false
849,Lunar Blessing,Psychic,Status,5,—,—%,VIII,0,false
850,Take Heart,Psychic,Status,10,—,—%,VIII,0,false
851,Tera Blast,Normal,Special,10,80,100%,IX,0,false
852,Silk Trap,Bug,Status,10,—,—%,IX,4,false
853,Axe Kick,Fighting,Physical,10,120,90%,IX,0,true
854,Last Respects,Ghost,Physical,10,50,100%,IX,0,false
855,Lumina Crash,Psychic,Special,10,80,100%,IX,0,false
856,Order Up,Dragon,Physical,10,80,100%,IX,0,false
857,Jet Punch,Water,Physical,15,60,100%,IX,1,true
858,Spicy Extract,Grass,Status,15,—,—%,IX,0,false
859,Spin Out,Steel,Physical,5,100,100%,IX,0,true
860,Population Bomb,Normal,Physical,10,20,90%,IX,0,true
861,Ice Spinner,Ice,Physical,15,80,100%,IX,0,true
862,Glaive Rush,Dragon,Physical,5,120,100%,IX,0,true
863,Revival Blessing,Normal,Status,1,—,—%,IX,0,false
864,Salt Cure,Rock,Physical,15,40,100%,IX,0,false
865,Triple Dive,Water,Physical,10,30,95%,IX,0,true
866,Mortal Spin,Poison,Physical,15,30,100%,IX,0,true
867,Doodle,Normal,Status,10,—,100%,IX,0,false
868,Fillet Away,Normal,Status,10,—,—%,IX,0,false
869,Kowtow Cleave,Dark,Physical,10,85,—%,IX,0,true
870,Flower Trick,Grass,Physical,10,70,—%,IX,0,false
871,Torch Song,Fire,Special,10,80,100%,IX,0,false
872,Aqua Step,Water,Physical,10,80,100%,IX,0,true
873,Raging Bull,Normal,Physical,10,90,100%,IX,0,true
874,Make It Rain,Steel,Special,5,120,100%,IX,0,false
875,Psyblade,Psychic,Physical,15,80,100%,IX,0,false
876,Hydro Steam,Water,Special,15,80,100%,IX,0,false
877,Ruination,Dark,Special,10,—,90%,IX,0,false
878,Collision Course,Fighting,Physical,5,100,100%,IX,0,true
879,Electro Drift,Electric,Special,5,100,100%,IX,0,true
880,Shed Tail,Normal,Status,10,—,—%,IX,0,false
881,Chilly Reception,Ice,Status,10,—,—%,IX,0,false
882,Tidy Up,Normal,Status,10,—,—%,IX,0,false
883,Snowscape,Ice,Status,10,—,—%,IX,0,false
884,Pounce,Bug,Physical,20,50,100%,IX,0,true
885,Trailblaze,Grass,Physical,20,50,100%,IX,0,true
886,Chilling Water,Water,Special,20,50,100%,IX,0,false
887,Hyper Drill,Normal,Physical,5,100,100%,IX,0,true
888,Twin Beam,Psychic,Special,10,40,100%,IX,0,false
889,Rage Fist,Ghost,Physical,10,50,100%,IX,0,true
890,Armor Cannon,Fire,Special,5,120,100%,IX,0,false
891,Bitter Blade,Fire,Physical,10,90,100%,IX,0,true
892,Double Shock,Electric,Physical,5,120,100%,IX,0,true
893,Gigaton Hammer,Steel,Physical,5,160,100%,IX,0,false
894,Comeuppance,Dark,Physical,10,—,100%,IX,0,true
895,Aqua Cutter,Water,Physical,20,70,100%,IX,0,false
896,Blazing Torque,Fire,Physical,10,80,100%,IX,0,false
897,Wicked Torque,Dark,Physical,10,80,100%,IX,0,false
898,Noxious Torque,Poison,Physical,10,100,100%,IX,0,false
899,Combat Torque,Fighting,Physical,10,100,100%,IX,0,false
900,Magical Torque,Fairy,Physical,10,100,100%,IX,0,false